<?xml version="1.0" encoding="UTF-8"?>
<project-private xmlns="http://www.netbeans.org/ns/project-private/1">
    <data xmlns="http://www.netbeans.org/ns/make-project-private/1">
        <activeConfTypeElem>1</activeConfTypeElem>
        <activeConfIndexElem>0</activeConfIndexElem>
    </data>
    <editor-bookmarks xmlns="http://www.netbeans.org/ns/editor-bookmarks/2" lastBookmarkId="0"/>
    <open-files xmlns="http://www.netbeans.org/ns/projectui-open-files/2">
        <group>
            <file>file:/home/ad/pp3/ReGenESYs-master/Assign.h</file>
            <file>file:/home/ad/pp3/ReGenESYs-master/Seize.cpp</file>
            <file>file:/home/ad/pp3/ReGenESYs-master/Separate.h</file>
            <file>file:/home/ad/pp3/ReGenESYs-master/Seize.h</file>
            <file>file:/home/ad/pp3/ReGenESYs-master/Separate.cpp</file>
            <file>file:/home/ad/pp3/ReGenESYs-master/Assign.cpp</file>
            <file>file:/home/ad/pp3/ReGenESYs-master/TestCreateSeparateDispose.cpp</file>
            <file>file:/home/ad/pp3/ReGenESYs-master/Decide.h</file>
            <file>file:/home/ad/pp3/ReGenESYs-master/Decide.cpp</file>
            <file>file:/home/ad/pp3/ReGenESYs-master/Traits.h</file>
        </group>
    </open-files>
</project-private>
